{"location":{"latitutde":31.0838885,"longitude":77.0671655},"time":1578125030,"precipIntensity":0.0126,"precipProbability":0.12,"temp":283.66,"pressure":1015,"wind_speed":2.35,"wind_deg":257}
